odom_x, odom_y, odom_theta, stamp, 
0.0, 0.0, -5.1937250577482957e-14, 1732747001.6085925, 
0.0, 0.0, -7.130243266073115e-14, 1732747001.7051208, 
0.0, 0.0, -6.767260575821288e-13, 1732747001.7982116, 
0.0, 0.0, -5.296319919691006e-13, 1732747001.9082806, 
0.0, 0.0, -1.7056521741652317e-12, 1732747002.008415, 
0.0, 0.0, -2.2454867045514156e-12, 1732747002.1051025, 
0.0, 0.0, -3.1793076107808092e-12, 1732747002.1981184, 
0.0, 0.0, -4.476953497797725e-12, 1732747002.2991939, 
0.0, 0.0, -5.4260153314867775e-12, 1732747002.4078448, 
0.0, 0.0, -6.8965141014115595e-12, 1732747002.5051246, 
2.0556544910732555e-08, -2.417645106334021e-08, 2.3841040198606766e-07, 1732747002.5980742, 
2.0556544910732555e-08, -2.417645106334021e-08, 2.3840986499389375e-07, 1732747002.7001, 
2.0556544910732555e-08, -2.417645106334021e-08, 2.3840880007484769e-07, 1732747002.8084204, 
2.0556544910732555e-08, -2.417645106334021e-08, 2.3840822862183694e-07, 1732747002.906236, 
2.0556544910732555e-08, -2.417645106334021e-08, 2.3840841757122873e-07, 1732747002.9992526, 
4.111308982146511e-08, -4.835290212668042e-08, 4.768271020339385e-07, 1732747003.10881, 
4.111308982146511e-08, -4.835290212668042e-08, 4.7682699673865833e-07, 1732747003.1893797, 
4.111308982146511e-08, -4.835290212668042e-08, 4.76824949652933e-07, 1732747003.3062534, 
4.111308982146511e-08, -4.835290212668042e-08, 4.7682432155517785e-07, 1732747003.3992157, 
2.0556546687089394e-08, -2.417645461605389e-08, 2.3840388920034808e-07, 1732747003.4962833, 
2.0556546687089394e-08, -2.417645461605389e-08, 2.384036449897679e-07, 1732747003.6082735, 
2.0556546687089394e-08, -2.417645461605389e-08, 2.3840378968987117e-07, 1732747003.7062426, 
2.0556546687089394e-08, -2.417645461605389e-08, 2.384043067957798e-07, 1732747003.799279, 
2.0556546687089394e-08, -2.417645461605389e-08, 2.3840536800595094e-07, 1732747003.8964427, 
2.0556546687089394e-08, -2.417645461605389e-08, 2.384065329836402e-07, 1732747003.9895031, 
2.0556546687089394e-08, -2.417645461605389e-08, 2.3840790010837226e-07, 1732747004.1061423, 
2.0556546687089394e-08, -2.417645461605389e-08, 2.384077918028741e-07, 1732747004.1981778, 
2.0556546687089394e-08, -2.417645461605389e-08, 2.3840742381159076e-07, 1732747004.297354, 
2.0556546687089394e-08, -2.417645461605389e-08, 2.3840678991790814e-07, 1732747004.3895013, 
2.0556546687089394e-08, -2.417645461605389e-08, 2.3840688948851457e-07, 1732747004.5071476, 
2.0556546687089394e-08, -2.417645461605389e-08, 2.384066563429469e-07, 1732747004.5980973, 
2.0556546687089394e-08, -2.417645461605389e-08, 2.3840543622118536e-07, 1732747004.6971734, 
2.0556546687089394e-08, -2.417645461605389e-08, 2.3840532566869014e-07, 1732747004.8088148, 
2.0556546687089394e-08, -2.417645461605389e-08, 2.38405760574275e-07, 1732747004.9071522, 
2.0556546687089394e-08, -2.417645461605389e-08, 2.3840543637656829e-07, 1732747004.998104, 
2.0556546687089394e-08, -2.417645461605389e-08, 2.3840394340113553e-07, 1732747005.0971296, 
2.0556546687089394e-08, -2.417645461605389e-08, 2.3840262284335166e-07, 1732747005.2097554, 
2.0556546687089394e-08, -2.417645461605389e-08, 2.384016038315832e-07, 1732747005.307161, 
2.0556546687089394e-08, -2.417645461605389e-08, 2.38400293907092e-07, 1732747005.400108, 
2.0556546687089394e-08, -2.417645461605389e-08, 2.3839926827319445e-07, 1732747005.4971328, 
2.0556546687089394e-08, -2.417645461605389e-08, 2.38398814872608e-07, 1732747005.5904648, 
2.0556546687089394e-08, -2.417645461605389e-08, 2.3839831519246327e-07, 1732747005.7071598, 
2.0556546687089394e-08, -2.417645461605389e-08, 2.383983115766045e-07, 1732747005.79911, 
2.0556546687089394e-08, -2.417645461605389e-08, 2.3839809664202606e-07, 1732747005.8981643, 
2.0556546687089394e-08, -2.417645461605389e-08, 2.3839805444774953e-07, 1732747006.0108106, 
2.0556546687089394e-08, -2.417645461605389e-08, 2.3839856714397629e-07, 1732747006.108167, 
2.0556546687089394e-08, -2.417645461605389e-08, 2.3840000950538075e-07, 1732747006.1991742, 
2.0556546687089394e-08, -2.417645461605389e-08, 2.384012613725677e-07, 1732747006.298142, 
2.0556546687089394e-08, -2.417645461605389e-08, 2.3840243446900075e-07, 1732747006.4077225, 
2.0556546687089394e-08, -2.417645461605389e-08, 2.384035121386809e-07, 1732747006.5081713, 
2.0556546687089394e-08, -2.417645461605389e-08, 2.384046824222279e-07, 1732747006.5991542, 
2.0556546687089394e-08, -2.417645461605389e-08, 2.3840475333093013e-07, 1732747006.698198, 
2.0556546687089394e-08, -2.417645461605389e-08, 2.3840427398289924e-07, 1732747006.789424, 
2.0556546687089394e-08, -2.417645461605389e-08, 2.384040211702558e-07, 1732747006.9081788, 
2.0556546687089394e-08, -2.417645461605389e-08, 2.3840409133902825e-07, 1732747006.9991279, 
2.0556546687089394e-08, -2.417645461605389e-08, 2.3840470100751453e-07, 1732747007.0984883, 
2.0556546687089394e-08, -2.417645461605389e-08, 2.384048569982791e-07, 1732747007.1891577, 
2.0556546687089394e-08, -2.417645461605389e-08, 2.384048569982791e-07, 1732747007.308184, 
2.0556546687089394e-08, -2.417645461605389e-08, 2.3840501790223438e-07, 1732747007.39919, 
2.0556546687089394e-08, -2.417645461605389e-08, 2.3840570002356977e-07, 1732747007.498155, 
2.0556546687089394e-08, -2.417645461605389e-08, 2.3840583555686056e-07, 1732747007.5886796, 
2.0556546687089394e-08, -2.417645461605389e-08, 2.3840583555686056e-07, 1732747007.708189, 
2.0556546687089394e-08, -2.417645461605389e-08, 2.3840583555686056e-07, 1732747007.799154, 
2.0556546687089394e-08, -2.417645461605389e-08, 2.3840598032144726e-07, 1732747007.8981607, 
2.0556546687089394e-08, -2.417645461605389e-08, 2.3840539275281966e-07, 1732747007.9889333, 
2.0556546687089394e-08, -2.417645461605389e-08, 2.3840544304923714e-07, 1732747008.1091917, 
2.0556546687089394e-08, -2.417645461605389e-08, 2.3840637771939216e-07, 1732747008.199149, 
2.0556546687089394e-08, -2.417645461605389e-08, 2.3840700609387356e-07, 1732747008.2981894, 
2.0556546687089394e-08, -2.417645461605389e-08, 2.384072849673955e-07, 1732747008.3888855, 
2.0556546687089394e-08, -2.417645461605389e-08, 2.3840805170784733e-07, 1732747008.509193, 
2.0556546687089394e-08, -2.417645461605389e-08, 2.3840799354205924e-07, 1732747008.5992084, 
2.0556546687089394e-08, -2.417645461605389e-08, 2.384078624666574e-07, 1732747008.6981733, 
2.0556546687089394e-08, -2.417645461605389e-08, 2.3840795945981005e-07, 1732747008.789512, 
2.0556546687089394e-08, -2.417645461605389e-08, 2.384083370391648e-07, 1732747008.9092023, 
2.0556546687089394e-08, -2.417645461605389e-08, 2.384083370391648e-07, 1732747009.0002658, 
2.0556546687089394e-08, -2.417645461605389e-08, 2.384083370391648e-07, 1732747009.0981913, 
2.0556546687089394e-08, -2.417645461605389e-08, 2.384083370391648e-07, 1732747009.188942, 
2.0556546687089394e-08, -2.417645461605389e-08, 2.384083370391648e-07, 1732747009.3092058, 
2.0556546687089394e-08, -2.417645461605389e-08, 2.384083370391648e-07, 1732747009.4001741, 
2.0556546687089394e-08, -2.417645461605389e-08, 2.384083370391648e-07, 1732747009.4992523, 
2.0556546687089394e-08, -2.417645461605389e-08, 2.384083370391648e-07, 1732747009.6095333, 
2.0556546687089394e-08, -2.417645461605389e-08, 2.384083370391648e-07, 1732747009.709209, 
2.0556546687089394e-08, -2.417645461605389e-08, 2.384083370391648e-07, 1732747009.7991614, 
2.0556546687089394e-08, -2.417645461605389e-08, 2.384083370391648e-07, 1732747009.89931, 
2.0556546687089394e-08, -2.417645461605389e-08, 2.3840827405027902e-07, 1732747010.0092206, 
2.0556546687089394e-08, -2.417645461605389e-08, 2.3840924653886965e-07, 1732747010.1092134, 
2.0556546687089394e-08, -2.417645461605389e-08, 2.3841061078177673e-07, 1732747010.1992173, 
2.0556546687089394e-08, -2.417645461605389e-08, 2.3841197502468378e-07, 1732747010.2991934, 
2.0556546687089394e-08, -2.417645461605389e-08, 2.3841333926759085e-07, 1732747010.3886783, 
2.0556546687089394e-08, -2.417645461605389e-08, 2.3841481719740683e-07, 1732747010.509225, 
2.0556546687089394e-08, -2.417645461605389e-08, 2.3841618144031388e-07, 1732747010.5991933, 
2.0556546687089394e-08, -2.417645461605389e-08, 2.3841754568322096e-07, 1732747010.6993287, 
2.0556546687089394e-08, -2.417645461605389e-08, 2.384192509868548e-07, 1732747010.8094277, 
2.0556546687089394e-08, -2.417645461605389e-08, 2.3842061522976186e-07, 1732747010.9092026, 
2.0556546687089394e-08, -2.417645461605389e-08, 2.384219794726689e-07, 1732747010.9993522, 
2.0556546687089394e-08, -2.417645461605389e-08, 2.3842334371557597e-07, 1732747011.0993083, 
2.0556546687089394e-08, -2.417645461605389e-08, 2.38424707958483e-07, 1732747011.1889045, 
2.0556546687089394e-08, -2.417645461605389e-08, 2.3842629957520797e-07, 1732747011.3092153, 
2.0556546687089394e-08, -2.417645461605389e-08, 2.38427663818115e-07, 1732747011.3993616, 
2.0556546687089394e-08, -2.417645461605389e-08, 2.3842902806102207e-07, 1732747011.499315, 
2.0556546687089394e-08, -2.417645461605389e-08, 2.38430619677747e-07, 1732747011.6091552, 
2.0556546687089394e-08, -2.417645461605389e-08, 2.38431983920654e-07, 1732747011.7092085, 
2.0556546687089394e-08, -2.417645461605389e-08, 2.3843334816356113e-07, 1732747011.7986522, 
2.0556546687089394e-08, -2.417645461605389e-08, 2.384347124064682e-07, 1732747011.898731, 
2.0556546687089394e-08, -2.417645461605389e-08, 2.3843607664937523e-07, 1732747011.990052, 
2.0556546687089394e-08, -2.417645461605389e-08, 2.3843766826610013e-07, 1732747012.109438, 
2.0556546687089394e-08, -2.417645461605389e-08, 2.384390325090072e-07, 1732747012.199628, 
2.0556546687089394e-08, -2.417645461605389e-08, 2.384403967519143e-07, 1732747012.2994406, 
5.329070518200751e-15, -3.552713678800501e-15, 2.2800581107873833e-11, 1732747012.3941863, 
5.329070518200751e-15, -3.552713678800501e-15, 2.3539545986599083e-11, 1732747012.509441, 
5.329070518200751e-15, -3.552713678800501e-15, 2.42216674131147e-11, 1732747012.5988111, 
5.329070518200751e-15, -3.552713678800501e-15, 2.4903788839630316e-11, 1732747012.6987097, 
5.329070518200751e-15, -3.552713678800501e-15, 2.558591026614593e-11, 1732747012.7904406, 
5.329070518200751e-15, -3.552713678800501e-15, 2.643856204929045e-11, 1732747012.9096386, 
5.329070518200751e-15, -3.552713678800501e-15, 2.8484926328837298e-11, 1732747013.1893568, 
2.0556552016159912e-08, -2.417645283969705e-08, 2.384470822046579e-07, 1732747013.2545, 
2.0556552016159912e-08, -2.417645283969705e-08, 2.384467411439552e-07, 1732747013.3051345, 
2.0556552016159912e-08, -2.417645283969705e-08, 2.3844536595988573e-07, 1732747013.4012947, 
2.0556552016159912e-08, -2.417645283969705e-08, 2.38444416954032e-07, 1732747013.4953485, 
1.0658141036401503e-14, -3.552713678800501e-15, 2.4852377031543743e-11, 1732747013.5932667, 
1.0658141036401503e-14, -3.552713678800501e-15, 2.4647251441702204e-11, 1732747013.7047083, 
5.4490574257215485e-05, -4.268997872713953e-05, 0.0005192757341066737, 1732747013.8027277, 
0.005782049614936113, 0.00017084553837776184, 0.02608798483967508, 1732747013.8954818, 
0.016326677054166794, 0.0005363927921280265, 0.07210422709056637, 1732747013.993068, 
0.026550013571977615, 0.0012410491472110152, 0.12983135288034056, 1732747014.106338, 
0.03535418584942818, 0.002428642474114895, 0.18275212703538096, 1732747014.2042053, 
0.043705496937036514, 0.003968355245888233, 0.23010824502711175, 1732747014.2942748, 
0.052819814532995224, 0.006086741574108601, 0.27794494079314325, 1732747014.3936992, 
0.06352532655000687, 0.009172949939966202, 0.33850994506204113, 1732747014.5104156, 
0.07131921499967575, 0.011964957229793072, 0.3816458783262421, 1732747014.5992122, 
0.08004744350910187, 0.015475369989871979, 0.42501274944419876, 1732747014.6992342, 
0.08759452402591705, 0.01901168003678322, 0.4621170585592777, 1732747014.7888017, 
0.09749354422092438, 0.024185240268707275, 0.502441222363345, 1732747014.90926, 
0.10507750511169434, 0.02839280478656292, 0.5334634758865072, 1732747014.9992228, 
0.11314000189304352, 0.03340259939432144, 0.564556965344135, 1732747015.0992408, 
0.12206058949232101, 0.03927122801542282, 0.5930420901853167, 1732747015.2092977, 
0.12976089119911194, 0.04491204023361206, 0.6211184475877098, 1732747015.3102705, 
0.13678379356861115, 0.05024523288011551, 0.6484362038341522, 1732747015.3992612, 
0.14408135414123535, 0.05599130690097809, 0.679315830233199, 1732747015.499253, 
0.151955246925354, 0.06263677775859833, 0.704461182191064, 1732747015.6091168, 
0.15920992195606232, 0.06873507797718048, 0.7260589853927493, 1732747015.710278, 
0.16504226624965668, 0.07463984191417694, 0.7449693240542375, 1732747015.799222, 
0.17189636826515198, 0.08116383105516434, 0.7639076970444155, 1732747015.8986557, 
0.17926999926567078, 0.08814230561256409, 0.7781729856583673, 1732747016.0092995, 
0.18589922785758972, 0.09480594098567963, 0.7878917729345202, 1732747016.1113167, 
0.1917310506105423, 0.1010960042476654, 0.7963771337242675, 1732747016.1992285, 
0.19810833036899567, 0.10753769427537918, 0.8034281963898167, 1732747016.2993398, 
0.20518258213996887, 0.11454339325428009, 0.808408635694306, 1732747016.4089408, 
0.21155348420143127, 0.12122996151447296, 0.8138854752715189, 1732747016.5042853, 
0.2175077497959137, 0.12735344469547272, 0.8146373994811237, 1732747016.5992312, 
0.22385753691196442, 0.13421085476875305, 0.8149478854199946, 1732747016.6993499, 
0.2304215431213379, 0.14118824899196625, 0.8171920135469493, 1732747016.8093204, 
0.23663046956062317, 0.14746028184890747, 0.817430964338592, 1732747016.9054127, 
0.24242576956748962, 0.15338212251663208, 0.8161989048258079, 1732747016.9993932, 
0.2487209588289261, 0.15964601933956146, 0.8168279834243157, 1732747017.099347, 
0.2554383873939514, 0.1664799451828003, 0.8169642862836749, 1732747017.2096, 
0.26184922456741333, 0.17317964136600494, 0.8178942668980235, 1732747017.3052933, 
0.2676626741886139, 0.17936518788337708, 0.817018615240824, 1732747017.399243, 
0.273526668548584, 0.18617162108421326, 0.8162648052615981, 1732747017.5003686, 
0.2805385887622833, 0.1934509128332138, 0.8160150633536422, 1732747017.6093543, 
0.2864943742752075, 0.19994370639324188, 0.8158129149023023, 1732747017.705299, 
0.2926415503025055, 0.2063794881105423, 0.8165248762671593, 1732747017.7995758, 
0.29878121614456177, 0.21272237598896027, 0.8153292669698513, 1732747017.9004128, 
0.3057086765766144, 0.2201356291770935, 0.8159176371890446, 1732747018.0093896, 
0.31231969594955444, 0.22674906253814697, 0.8175768720198122, 1732747018.1063056, 
0.31811845302581787, 0.23253381252288818, 0.8161141308821828, 1732747018.1992493, 
0.3242686986923218, 0.2388865351676941, 0.8154372876336179, 1732747018.300359, 
0.33156174421310425, 0.24636666476726532, 0.8152332875494122, 1732747018.409013, 
0.3376200497150421, 0.2528446316719055, 0.812251540072064, 1732747018.506288, 
0.34347641468048096, 0.2589787244796753, 0.8105824610519446, 1732747018.5993803, 
0.34986844658851624, 0.2653121054172516, 0.8092538415991838, 1732747018.700366, 
0.35714536905288696, 0.2725645899772644, 0.8088306944408199, 1732747018.8086846, 
0.36353635787963867, 0.27894267439842224, 0.8075403969895014, 1732747018.9066164, 
0.3695361316204071, 0.2846618592739105, 0.8058916511559104, 1732747018.9992564, 
0.3760680556297302, 0.29094672203063965, 0.8070216083270759, 1732747019.1003766, 
0.3831433057785034, 0.29823508858680725, 0.805762142694835, 1732747019.2090952, 
0.389566034078598, 0.30461832880973816, 0.8031681487945123, 1732747019.3063684, 
0.39523574709892273, 0.31049367785453796, 0.8016067417296222, 1732747019.399296, 
0.4013771414756775, 0.3167778551578522, 0.8020329211928169, 1732747019.4963796, 
0.4086981415748596, 0.32411444187164307, 0.8020203827040334, 1732747019.609564, 
0.4151109755039215, 0.33056744933128357, 0.8026131011158608, 1732747019.7073243, 
0.421141654253006, 0.336795449256897, 0.8023595238491484, 1732747019.7992992, 
0.4275287091732025, 0.3433338403701782, 0.8027806635155027, 1732747019.8963764, 
0.43480780720710754, 0.35081782937049866, 0.8019573853563013, 1732747020.0093238, 
0.441190630197525, 0.3572799861431122, 0.8030796085589433, 1732747020.1073325, 
0.44705039262771606, 0.3634125888347626, 0.8029416628278284, 1732747020.19928, 
0.45344749093055725, 0.36992019414901733, 0.8029474154524706, 1732747020.297388, 
0.4596131145954132, 0.37597453594207764, 0.8029871386929454, 1732747020.389507, 
0.4670446813106537, 0.38362184166908264, 0.8030565865579169, 1732747020.5073283, 
0.47293758392333984, 0.3896508514881134, 0.8033403212120196, 1732747020.5992856, 
0.4793247878551483, 0.3960106074810028, 0.8029243382732263, 1732747020.6973872, 
0.4866487979888916, 0.4030948579311371, 0.8020476619594944, 1732747020.811095, 
0.4928911328315735, 0.4091295599937439, 0.8009246965583902, 1732747020.9084067, 
0.4988459348678589, 0.4150152802467346, 0.8006025079846001, 1732747020.999284, 
0.505299985408783, 0.4211895167827606, 0.7989212473802236, 1732747021.0984502, 
0.5113650560379028, 0.4271751046180725, 0.7987318824837261, 1732747021.188899, 
0.5188594460487366, 0.43469762802124023, 0.7983694087634027, 1732747021.308338, 
0.5250151753425598, 0.44098809361457825, 0.7981635386399755, 1732747021.3992853, 
0.5312372446060181, 0.44735997915267944, 0.7984952589971742, 1732747021.4983263, 
0.5383294224739075, 0.45456159114837646, 0.7988435715522795, 1732747021.610979, 
0.544890284538269, 0.4609488844871521, 0.800196291814106, 1732747021.708451, 
0.5509522557258606, 0.46728578209877014, 0.8004334060426458, 1732747021.8003168, 
0.5573524236679077, 0.473713219165802, 0.8000146017431502, 1732747021.8983407, 
0.5643611550331116, 0.4808749556541443, 0.7995744084862907, 1732747022.0108368, 
0.5705529451370239, 0.48716557025909424, 0.7990785952079994, 1732747022.1083512, 
0.5767626166343689, 0.49363887310028076, 0.8031852204458751, 1732747022.201342, 
0.5826666355133057, 0.500239372253418, 0.839854758687777, 1732747022.2983224, 
0.588388204574585, 0.5064349174499512, 0.8734475662231693, 1732747022.389462, 
0.5953785181045532, 0.5152609944343567, 0.9033322030115519, 1732747022.5093503, 
0.6004725098609924, 0.5219420194625854, 0.9240108542865846, 1732747022.6003392, 
0.6060793399810791, 0.5295549035072327, 0.9493041319038916, 1732747022.6993666, 
0.6119675636291504, 0.5382012128829956, 0.9777859146101908, 1732747022.8091242, 
0.6169842481613159, 0.5461044907569885, 0.9992537405480408, 1732747022.9093595, 
0.6213464736938477, 0.5532763004302979, 1.0231729348343173, 1732747023.0003593, 
0.626130223274231, 0.5611637830734253, 1.0663381992352703, 1732747023.0993843, 
0.630212128162384, 0.5684000849723816, 1.1048503988844733, 1732747023.1887853, 
0.6351063847541809, 0.5786790251731873, 1.1389117739486514, 1732747023.309468, 
0.6388684511184692, 0.58660888671875, 1.1668061967469296, 1732747023.4003325, 
0.6423836946487427, 0.5951602458953857, 1.1938262205802732, 1732747023.499418, 
0.6465098261833191, 0.60488361120224, 1.2250768991690346, 1732747023.6088448, 
0.6499318480491638, 0.6138455867767334, 1.250057859083145, 1732747023.7103662, 
0.6528005003929138, 0.6218640804290771, 1.2710428781993344, 1732747023.8003407, 
0.6556470990180969, 0.6309830546379089, 1.3051810761579674, 1732747023.8993843, 
0.6586921811103821, 0.6415452361106873, 1.336456410865892, 1732747024.0093672, 
0.6610062718391418, 0.6506319642066956, 1.361939962611792, 1732747024.109371, 
0.6629977822303772, 0.65922611951828, 1.3855981013927443, 1732747024.2003472, 
0.6646219491958618, 0.6688173413276672, 1.411350229800202, 1732747024.299341, 
0.6660809516906738, 0.6769780516624451, 1.4395579496038358, 1732747024.3890915, 
0.6675998568534851, 0.6887271404266357, 1.474582011856886, 1732747024.510548, 
0.668411135673523, 0.696801483631134, 1.4925480583508979, 1732747024.6003406, 
0.6688430905342102, 0.7062885165214539, 1.5174127643460906, 1732747024.6994493, 
0.668789803981781, 0.716392457485199, 1.5404799065075916, 1732747024.809088, 
0.6687875390052795, 0.7255155444145203, 1.5566887274236176, 1732747024.9103796, 
0.6687232255935669, 0.7339089512825012, 1.5719226372397694, 1732747025.000348, 
0.6681481003761292, 0.7430823445320129, 1.587314996966174, 1732747025.1003826, 
0.6675655841827393, 0.7505393028259277, 1.5991418231588514, 1732747025.1893873, 
0.6666264533996582, 0.7614703178405762, 1.6127126580464402, 1732747025.3104658, 
0.6664507389068604, 0.7697891592979431, 1.6174344232441447, 1732747025.4013882, 
0.665860652923584, 0.7787721753120422, 1.6192501893966278, 1732747025.4993634, 
0.66541588306427, 0.7872167825698853, 1.622968005695101, 1732747025.590418, 
0.6648109555244446, 0.7982583045959473, 1.625259682875968, 1732747025.710398, 
0.6644480228424072, 0.8068564534187317, 1.6273563155672552, 1732747025.801365, 
0.6640419960021973, 0.8161502480506897, 1.6273563155672552, 1732747025.899368, 
0.663894534111023, 0.8241750001907349, 1.6235863772748598, 1732747025.9904459, 
0.6639643907546997, 0.8353666067123413, 1.6187064436561172, 1732747026.110417, 
0.6637569665908813, 0.8435328602790833, 1.615989040175374, 1732747026.1993668, 
0.6638991832733154, 0.8524113297462463, 1.6139008568620767, 1732747026.2993972, 
0.6636561751365662, 0.860684335231781, 1.6084335242644803, 1732747026.3901916, 
0.6642173528671265, 0.8739914894104004, 1.5327009858911733, 1732747026.5104613, 
0.6648179888725281, 0.8840315937995911, 1.439996231378666, 1732747026.5993874, 
0.6657543182373047, 0.8924784064292908, 1.3937361311761576, 1732747026.699403, 
0.6675517559051514, 0.8998187184333801, 1.363014749488983, 1732747026.7896662, 
0.670278787612915, 0.9102258086204529, 1.3049612174858862, 1732747026.910491, 
0.6729113459587097, 0.9178850650787354, 1.2686829658900973, 1732747026.999377, 
0.6759945154190063, 0.9261185526847839, 1.245430782584496, 1732747027.0986784, 
0.6796709299087524, 0.9352874159812927, 1.2347695282128222, 1732747027.2090611, 
0.6827428340911865, 0.9438513517379761, 1.2296032366019127, 1732747027.3103855, 
0.6854859590530396, 0.9516127705574036, 1.2268619542935006, 1732747027.3996112, 
0.6888648867607117, 0.9604381322860718, 1.2188466699413847, 1732747027.498828, 
0.6921685934066772, 0.9676225781440735, 1.186952368080063, 1732747027.589909, 
0.696539044380188, 0.9767241477966309, 1.1501391809627473, 1732747027.7105234, 
0.7003317475318909, 0.9838894009590149, 1.132498388681432, 1732747027.7990348, 
0.7047086954116821, 0.9917516112327576, 1.1161769163501143, 1732747027.9001255, 
0.7086871266365051, 0.9986634850502014, 1.095824446992981, 1732747027.9905193, 
0.7137625813484192, 1.0086321830749512, 1.0770377183352287, 1732747028.109943, 
0.7175290584564209, 1.0160479545593262, 1.0915110641241907, 1732747028.1999552, 
0.721217155456543, 1.0241221189498901, 1.109158289524493, 1732747028.3005185, 
0.7244849801063538, 1.0313409566879272, 1.1196795316949493, 1732747028.3907073, 
0.7289037704467773, 1.041390299797058, 1.1330474462491447, 1732747028.5105026, 
0.7321861386299133, 1.049072027206421, 1.1446810226199349, 1732747028.6005979, 
0.7358477115631104, 1.0575594902038574, 1.157322579387391, 1732747028.70063, 
0.739630937576294, 1.0648484230041504, 1.1475057105298643, 1732747028.791411, 
0.7447838187217712, 1.0739734172821045, 1.1265135755058575, 1732747028.909743, 
0.7463560104370117, 1.0770267248153687, 1.1216573503331928, 1732747028.9504788, 
0.7524805068969727, 1.0885059833526611, 1.10269866257642, 1732747029.0954833, 
0.7572853565216064, 1.0971002578735352, 1.0867922759400326, 1732747029.206202, 
0.7622820734977722, 1.1059930324554443, 1.066000540285416, 1732747029.3099675, 
0.764180600643158, 1.1091264486312866, 1.0517964746586577, 1732747029.3517563, 
0.7667741775512695, 1.1127210855484009, 1.0345746573349819, 1732747029.4004052, 
0.7774086594581604, 1.1273771524429321, 0.9791500126934184, 1732747029.6102867, 
0.7802144885063171, 1.1306922435760498, 0.9699713856064317, 1732747029.6606045, 
0.7879493832588196, 1.141290307044983, 0.9442016492634395, 1732747029.8005452, 
0.7934035658836365, 1.1482315063476562, 0.9256020583363511, 1732747029.8999233, 
0.7994005084037781, 1.155361294746399, 0.9054663505020701, 1732747030.0064151, 
0.8053953647613525, 1.1619657278060913, 0.8824334481765046, 1732747030.1064537, 
0.8112891316413879, 1.168311595916748, 0.8661420358921067, 1732747030.2043931, 
0.8168533444404602, 1.1743780374526978, 0.8523238072428896, 1732747030.2965326, 
0.8240324258804321, 1.1818547248840332, 0.8413204036181714, 1732747030.4060054, 
0.8301767110824585, 1.1882538795471191, 0.8336360494977364, 1732747030.5064452, 
0.83620285987854, 1.1942756175994873, 0.825794155262964, 1732747030.605395, 
0.8418331146240234, 1.200313687324524, 0.8224015137099698, 1732747030.6954222, 
0.8488407731056213, 1.2077468633651733, 0.8208922100127993, 1732747030.8065717, 
0.8552377820014954, 1.2147736549377441, 0.8211978784003267, 1732747030.9094481, 
0.86092609167099, 1.2206298112869263, 0.8211978784003267, 1732747031.0003996, 
0.8671581745147705, 1.22731351852417, 0.8229917068376794, 1732747031.1004224, 
0.874138355255127, 1.2346688508987427, 0.824167492189447, 1732747031.2098196, 
0.880612850189209, 1.2413028478622437, 0.8260420568820322, 1732747031.3114717, 
0.8862069249153137, 1.247377872467041, 0.8260420568819946, 1732747031.4004042, 
0.8925393223762512, 1.2542299032211304, 0.8260420568819946, 1732747031.5004275, 
0.8996320962905884, 1.261853575706482, 0.8253587201202323, 1732747031.6098611, 
0.9057068228721619, 1.2686597108840942, 0.8253587201202323, 1732747031.7114584, 
0.9114065170288086, 1.2746528387069702, 0.8253587201202323, 1732747031.8004088, 
0.9178394079208374, 1.2811278104782104, 0.8255146711535729, 1732747031.9004343, 
0.9248659014701843, 1.2883471250534058, 0.8255147433237497, 1732747032.01019, 
0.9316394925117493, 1.2953431606292725, 0.8177688939599327, 1732747032.1114645, 
0.9384157061576843, 1.3013814687728882, 0.7544863028409761, 1732747032.20041, 
0.9450130462646484, 1.3075473308563232, 0.6637397382679084, 1732747032.300438, 
0.9507526755332947, 1.3116987943649292, 0.616106727971097, 1732747032.3904157, 
0.9597360491752625, 1.3171145915985107, 0.545027623854234, 1732747032.5104537, 
0.9672227501869202, 1.3215397596359253, 0.4876392473472987, 1732747032.6004133, 
0.9775567650794983, 1.326340913772583, 0.40676101332653936, 1732747032.7004526, 
0.9905005693435669, 1.3313438892364502, 0.29898702937157334, 1732747032.8106408, 
0.9986543655395508, 1.3343441486358643, 0.24976504232986646, 1732747032.9063184, 
1.006824016571045, 1.3365846872329712, 0.2636088579897672, 1732747033.0004218, 
1.0164833068847656, 1.3390477895736694, 0.27061185241074387, 1732747033.1005101, 
1.0270322561264038, 1.3418549299240112, 0.26566604144957623, 1732747033.2098646, 
1.035857915878296, 1.344451904296875, 0.2695747282188212, 1732747033.3065662, 
1.0449765920639038, 1.3469593524932861, 0.28078174744052714, 1732747033.4005003, 
1.0543785095214844, 1.3498399257659912, 0.3111205147954356, 1732747033.50052, 
1.0645047426223755, 1.3532334566116333, 0.35296200162347885, 1732747033.6098697, 
1.073120355606079, 1.3565397262573242, 0.40531570846788506, 1732747033.7065086, 
1.0818332433700562, 1.3603904247283936, 0.44893620723603767, 1732747033.8004382, 
1.0917870998382568, 1.3643417358398438, 0.4245452891465418, 1732747033.9005346, 
1.0993415117263794, 1.367664098739624, 0.37353184621764157, 1732747033.990501, 
1.1096775531768799, 1.371840000152588, 0.36127484427883366, 1732747034.1065252, 
1.1183816194534302, 1.375043511390686, 0.3450002073718732, 1732747034.2004383, 
1.1279526948928833, 1.3783797025680542, 0.31755042184091, 1732747034.3015327, 
1.1383594274520874, 1.381547212600708, 0.28288387255936237, 1732747034.410018, 
1.1469002962112427, 1.3842558860778809, 0.28882654898153026, 1732747034.506554, 
1.1558398008346558, 1.386885404586792, 0.30198647996022365, 1732747034.6004453, 
1.1651345491409302, 1.3897923231124878, 0.30853900941504114, 1732747034.7015712, 
1.1735247373580933, 1.3924709558486938, 0.31384652238030597, 1732747034.7902489, 
1.184559941291809, 1.3960469961166382, 0.32169901681843305, 1732747034.9067562, 
1.1933103799819946, 1.399102807044983, 0.3330315553625242, 1732747035.000451, 
1.202640414237976, 1.4023196697235107, 0.34990014286605664, 1732747035.1015377, 
1.213189721107483, 1.406162142753601, 0.36215527320827406, 1732747035.2098734, 
1.2164137363433838, 1.4071239233016968, 0.3536010200141054, 1732747035.2396555, 
1.227999210357666, 1.4103940725326538, 0.26218973407623636, 1732747035.350478, 
1.2411365509033203, 1.4142471551895142, 0.2107427541418996, 1732747035.5025377, 
1.2515474557876587, 1.4163264036178589, 0.22927700716976815, 1732747035.6099954, 
1.261414885520935, 1.4185377359390259, 0.21546147492936008, 1732747035.7075086, 
1.269966721534729, 1.4205515384674072, 0.1913158586936498, 1732747035.80063, 
1.2794204950332642, 1.4219175577163696, 0.16350552279446745, 1732747035.8967228, 
1.2841862440109253, 1.4229248762130737, 0.14974626619961887, 1732747035.9469738, 
1.2934250831604004, 1.4240483045578003, 0.13636415937556562, 1732747036.0405836, 
1.3099462985992432, 1.4263633489608765, 0.10790455918326453, 1732747036.1997313, 
1.3200311660766602, 1.4266924858093262, 0.025334118670178058, 1732747036.2985027, 
1.3299628496170044, 1.4272443056106567, -0.03928413449827772, 1732747036.4102964, 
1.3396296501159668, 1.426611065864563, -0.0930241734598184, 1732747036.5079217, 
1.348430871963501, 1.425791621208191, -0.14307531103000046, 1732747036.600522, 
1.358028769493103, 1.4244801998138428, -0.19580156258008344, 1732747036.6985528, 
1.3690288066864014, 1.4220199584960938, -0.25214821472744275, 1732747036.8096712, 
1.3776440620422363, 1.420480489730835, -0.23172671014003773, 1732747036.9081454, 
1.3863743543624878, 1.418252944946289, -0.19961627696880507, 1732747037.0004847, 
1.3965281248092651, 1.416231632232666, -0.17681851414585043, 1732747037.098572, 
1.4053560495376587, 1.4145325422286987, -0.18708122513116962, 1732747037.1901581, 
1.4160645008087158, 1.4124741554260254, -0.19711667698418367, 1732747037.307684, 
1.425255537033081, 1.4106993675231934, -0.19766820684569802, 1732747037.4004877, 
1.4345860481262207, 1.4086970090866089, -0.19229083171721148, 1732747037.4976573, 
1.4455887079238892, 1.4064806699752808, -0.20149348127302655, 1732747037.6109607, 
1.4547193050384521, 1.4044662714004517, -0.21283886580322914, 1732747037.7086718, 
1.463283658027649, 1.4028295278549194, -0.16165510737248331, 1732747037.8004925, 
1.472876787185669, 1.401265263557434, -0.11109392987103256, 1732747037.899548, 
1.4838435649871826, 1.4001436233520508, -0.06411040458978082, 1732747038.012489, 
1.494238257408142, 1.3995616436004639, -0.02687897710285405, 1732747038.1095488, 
1.503585934638977, 1.3988654613494873, -0.04895804805287906, 1732747038.2025135, 
1.5124927759170532, 1.398331880569458, -0.07593014906396649, 1732747038.299636, 
1.521827220916748, 1.3978121280670166, -0.06736450288206869, 1732747038.3909423, 
1.533018946647644, 1.397003412246704, -0.07160290535157669, 1732747038.508698, 
1.5424246788024902, 1.396341323852539, -0.08096734406936633, 1732747038.6025567, 
1.5515527725219727, 1.3960479497909546, -0.03096922205240448, 1732747038.6996374, 
1.5626803636550903, 1.3955892324447632, 0.020946097033894624, 1732747038.8124647, 
1.5719927549362183, 1.3958183526992798, 0.050737305661377644, 1732747038.9105537, 
1.5811101198196411, 1.3963472843170166, 0.08759631811217546, 1732747039.0015278, 
1.5907337665557861, 1.3974827527999878, 0.12680450806898994, 1732747039.1005344, 
1.6018623113632202, 1.3989064693450928, 0.17344065465946745, 1732747039.2101457, 
1.6122119426727295, 1.400671124458313, 0.2155648582974675, 1732747039.3097136, 
1.6218363046646118, 1.4020113945007324, 0.17845680844549186, 1732747039.4015372, 
1.630711317062378, 1.4035229682922363, 0.1072344385232185, 1732747039.5005937, 
1.6390185356140137, 1.40463387966156, 0.08493830851121376, 1732747039.5898564, 
1.6516075134277344, 1.4047576189041138, -0.007727466029222084, 1732747039.7106006, 
1.6607815027236938, 1.4046094417572021, -0.08898266793185963, 1732747039.8015733, 
1.6699233055114746, 1.4034255743026733, -0.17068931194583495, 1732747039.9006112, 
1.6788830757141113, 1.401492714881897, -0.2504053011199961, 1732747039.9900367, 
1.690263032913208, 1.398209810256958, -0.35407277264188264, 1732747040.10973, 
1.7012913227081299, 1.3939990997314453, -0.4339153341150144, 1732747040.2015507, 
1.7108497619628906, 1.3900105953216553, -0.45199537621459257, 1732747040.2996733, 
1.7186555862426758, 1.3864188194274902, -0.4192652163145498, 1732747040.3899426, 
1.7275086641311646, 1.382498860359192, -0.41026085024269193, 1732747040.489672, 
1.7373943328857422, 1.378405213356018, -0.3938758992464657, 1732747040.6015594, 
1.7468836307525635, 1.3744415044784546, -0.37247916138428894, 1732747040.7005773, 
1.7567518949508667, 1.3704133033752441, -0.3783931465425486, 1732747040.8102486, 
1.7659883499145508, 1.3667943477630615, -0.37167301742684017, 1732747040.9105859, 
1.7745128870010376, 1.3635560274124146, -0.35865906601898834, 1732747041.0015635, 
1.7833994626998901, 1.3601577281951904, -0.3591625982157367, 1732747041.0996652, 
1.7935651540756226, 1.3564038276672363, -0.3597032743736098, 1732747041.2099338, 
1.8029216527938843, 1.3527755737304688, -0.3605611468106199, 1732747041.3108869, 
1.8115993738174438, 1.3494575023651123, -0.3675075975192793, 1732747041.4026155, 
1.8207464218139648, 1.3457595109939575, -0.4060000258597175, 1732747041.500615, 
1.8301737308502197, 1.3415740728378296, -0.44666974889942257, 1732747041.6105082, 
1.839003562927246, 1.3374062776565552, -0.4790431955118368, 1732747041.710597, 
1.8469394445419312, 1.3330941200256348, -0.5196060848361516, 1732747041.8016725, 
1.8555928468704224, 1.3281127214431763, -0.5610625015758519, 1732747041.899941, 
1.8629400730133057, 1.3233535289764404, -0.5938477718240601, 1732747041.9901469, 
1.872645616531372, 1.3167744874954224, -0.6354196793587084, 1732747042.1107926, 
1.87953782081604, 1.3114131689071655, -0.6621468395566326, 1732747042.2005837, 
1.8870621919631958, 1.3055446147918701, -0.6894707049392966, 1732747042.2998266, 
1.8954224586486816, 1.2983144521713257, -0.7179304754271651, 1732747042.409676, 
1.9027043581008911, 1.291926383972168, -0.7362682762129935, 1732747042.5108206, 
1.909293532371521, 1.2859984636306763, -0.7469561295253928, 1732747042.600086, 
1.916539192199707, 1.279356837272644, -0.7616766514584441, 1732747042.7010183, 
1.9227555990219116, 1.2732352018356323, -0.7720593550945049, 1732747042.7930636, 
1.9309906959533691, 1.2650483846664429, -0.7803814336082557, 1732747042.9108903, 
1.9372518062591553, 1.258749008178711, -0.7843891991183326, 1732747042.9999301, 
1.9443503618240356, 1.2518540620803833, -0.790104534432445, 1732747043.1003141, 
1.9516819715499878, 1.2443652153015137, -0.7905748368097543, 1732747043.2104437, 
1.9584985971450806, 1.2375057935714722, -0.793510087176928, 1732747043.309914, 
1.9645291566848755, 1.2311131954193115, -0.7958868295726518, 1732747043.4001403, 
1.9714449644088745, 1.2238285541534424, -0.7968807274963962, 1732747043.4999382, 
1.9773918390274048, 1.217679738998413, -0.799186511270686, 1732747043.5915167, 
1.9856657981872559, 1.2090027332305908, -0.8009985093007499, 1732747043.711617, 
1.9917068481445312, 1.2026370763778687, -0.8022167112678844, 1732747043.7997322, 
1.9986621141433716, 1.1953508853912354, -0.8043574440957215, 1732747043.8997526, 
2.0059149265289307, 1.187812089920044, -0.8048124629443016, 1732747044.010032, 
2.012911081314087, 1.180395483970642, -0.8047096862127194, 1732747044.110904, 
2.019052505493164, 1.1737911701202393, -0.8047096862127194, 1732747044.1999915, 
2.025967836380005, 1.166514277458191, -0.8047096862127194, 1732747044.3000212, 
2.0332727432250977, 1.1590266227722168, -0.8036551506241292, 1732747044.410237, 
2.040194511413574, 1.1518926620483398, -0.8034134299171412, 1732747044.5111816, 
2.046236991882324, 1.1453477144241333, -0.8020751840056668, 1732747044.600615, 
2.053011417388916, 1.138290524482727, -0.8013838751205123, 1732747044.7006295, 
2.060575246810913, 1.1306589841842651, -0.8013838751205123, 1732747044.8103294, 
2.067444086074829, 1.1233872175216675, -0.799161785583792, 1732747044.9107783, 
2.0735270977020264, 1.1170376539230347, -0.7980851495400458, 1732747045.000597, 
2.080348491668701, 1.1100443601608276, -0.7966190676032504, 1732747045.100597, 
2.0876386165618896, 1.1025164127349854, -0.7947869637058285, 1732747045.2066026, 
2.0949032306671143, 1.0950675010681152, -0.7946345759105667, 1732747045.310662, 
2.101027011871338, 1.0886781215667725, -0.7946345759105667, 1732747045.400625, 
2.1078758239746094, 1.0817075967788696, -0.7930176416928721, 1732747045.5006135, 
2.1142492294311523, 1.0752614736557007, -0.7917379068641396, 1732747045.5924542, 
2.122349262237549, 1.0670249462127686, -0.7917379068641396, 1732747045.710659, 
2.1290669441223145, 1.0603246688842773, -0.7855861578911432, 1732747045.8046346, 
2.135518789291382, 1.0543183088302612, -0.7328556816325271, 1732747045.8956387, 
2.143296957015991, 1.0472261905670166, -0.67230351237149, 1732747046.0073173, 
2.1514461040496826, 1.040804386138916, -0.6190592751646572, 1732747046.1106806, 
2.1588330268859863, 1.0356155633926392, -0.5742640188265614, 1732747046.2016215, 
2.1670613288879395, 1.0303634405136108, -0.5233937176906835, 1732747046.3016176, 
2.1766769886016846, 1.0249086618423462, -0.4672864552913009, 1732747046.4115582, 
2.1854746341705322, 1.0206674337387085, -0.4202396716086197, 1732747046.509827, 
2.194082498550415, 1.0168977975845337, -0.371806840490126, 1732747046.6056244, 
2.202440023422241, 1.0136383771896362, -0.32678008159626587, 1732747046.696885, 
2.2129292488098145, 1.0103474855422974, -0.27121957150416126, 1732747046.8074315, 
2.22240948677063, 1.0078340768814087, -0.21872448471559472, 1732747046.906115, 
2.2319395542144775, 1.0056804418563843, -0.1718037275292171, 1732747047.005627, 
2.2414674758911133, 1.0042604207992554, -0.12184315994478481, 1732747047.1008108, 
2.252256155014038, 1.0029685497283936, -0.06727181514581926, 1732747047.2111454, 
2.2619943618774414, 1.0024913549423218, -0.019163717277598386, 1732747047.310814, 
2.270693778991699, 1.0024036169052124, 0.025931468287109762, 1732747047.4016304, 
2.280484437942505, 1.0027084350585938, 0.07511438280892814, 1732747047.5007856, 
2.29136061668396, 1.0037431716918945, 0.13078203337725564, 1732747047.6116521, 
2.3010354042053223, 1.0050686597824097, 0.18086723004137967, 1732747047.7107747, 
2.309860944747925, 1.0067676305770874, 0.22658303136831048, 1732747047.800718, 
2.3192617893218994, 1.0091285705566406, 0.27725668304240836, 1732747047.9009552, 
2.3296563625335693, 1.0121067762374878, 0.33154916176189597, 1732747048.0111315, 
2.33908748626709, 1.0154155492782593, 0.3814524423280533, 1732747048.112209, 
2.3471262454986572, 1.0188274383544922, 0.42696537860047845, 1732747048.2008686, 
2.35619854927063, 1.022965908050537, 0.47567045698822724, 1732747048.3016515, 
2.3639509677886963, 1.0270721912384033, 0.5207271342638256, 1732747048.3909714, 
2.3744144439697266, 1.0332509279251099, 0.5832601305311744, 1732747048.5120938, 
2.3817315101623535, 1.0381689071655273, 0.62707473073695, 1732747048.6016483, 
2.389482259750366, 1.0439518690109253, 0.6787567699608476, 1732747048.7008066, 
2.396456241607666, 1.0496268272399902, 0.7236747241705139, 1732747048.791326, 
2.40461802482605, 1.057030200958252, 0.7790696946584899, 1732747048.9056919, 
2.411217451095581, 1.0637321472167969, 0.8284293849163211, 1732747049.0006635, 
2.4178991317749023, 1.0710419416427612, 0.8771388009504466, 1732747049.1006534, 
2.42470121383667, 1.0795010328292847, 0.9331694489695357, 1732747049.210916, 
2.430331230163574, 1.0870065689086914, 0.9824207639688765, 1732747049.304768, 
2.4357962608337402, 1.0954174995422363, 1.0245563108775917, 1732747049.400679, 
2.441657781600952, 1.1041189432144165, 1.007608052034184, 1732747049.5006618, 
2.447092056274414, 1.1129379272460938, 0.9685739237045397, 1732747049.611599, 
2.452362537384033, 1.1207045316696167, 0.9624074843033964, 1732747049.7068741, 
2.457520008087158, 1.1275837421417236, 0.95404041038838, 1732747049.8007598, 
2.4633986949920654, 1.1357767581939697, 0.9358736292857317, 1732747049.900672, 
2.469709634780884, 1.1446421146392822, 0.9078291904595227, 1732747050.0113134, 
2.4754672050476074, 1.151610255241394, 0.8776391819306056, 1732747050.1070802, 
2.481311798095703, 1.158532738685608, 0.8536381541404625, 1732747050.2007258, 
2.487545967102051, 1.1657137870788574, 0.835384464187533, 1732747050.300681, 
2.494725227355957, 1.173507571220398, 0.8173188932688871, 1732747050.410778, 
2.501406669616699, 1.1805475950241089, 0.8005846151724316, 1732747050.5069735, 
2.507707118988037, 1.1872632503509521, 0.7874710841753112, 1732747050.6006923, 
2.5146379470825195, 1.194103479385376, 0.7783788328035696, 1732747050.701692, 
2.5223605632781982, 1.201407551765442, 0.77337327290775, 1732747050.8111115, 
2.528047800064087, 1.2070493698120117, 0.769545954589976, 1732747050.8907793, 
2.5357885360717773, 1.2145867347717285, 0.7661922458186957, 1732747051.0006838, 
2.5427510738372803, 1.2213623523712158, 0.7635583806117663, 1732747051.10169, 
2.549192190170288, 1.2273591756820679, 0.7625054403193567, 1732747051.1914885, 
2.5574703216552734, 1.2353063821792603, 0.7591803583264354, 1732747051.3077536, 
2.564117431640625, 1.2413463592529297, 0.7591929099146043, 1732747051.4006963, 
2.5714051723480225, 1.2479759454727173, 0.75776413112443, 1732747051.5016947, 
2.579254150390625, 1.2554576396942139, 0.7564960237660407, 1732747051.61113, 
2.5863921642303467, 1.2621811628341675, 0.7566601986153849, 1732747051.7080274, 
2.593010187149048, 1.2685108184814453, 0.7582211517442888, 1732747051.8007169, 
2.600194215774536, 1.275244116783142, 0.7583890406139849, 1732747051.9017003, 
2.606724977493286, 1.2814455032348633, 0.758510850049252, 1732747051.991444, 
2.6151626110076904, 1.2893939018249512, 0.7593230782677233, 1732747052.1078854, 
2.62180233001709, 1.295651912689209, 0.7599039296145609, 1732747052.200751, 
2.629300832748413, 1.3024896383285522, 0.7564011564935325, 1732747052.2977421, 
2.637056827545166, 1.3088409900665283, 0.696566586957391, 1732747052.3908103, 
2.646054983139038, 1.3160371780395508, 0.5957829089576571, 1732747052.5088997, 
2.652642011642456, 1.3204556703567505, 0.5457593773163513, 1732747052.6007428, 
2.660705089569092, 1.3250386714935303, 0.49258100640177455, 1732747052.6987956, 
2.6705074310302734, 1.3302987813949585, 0.4227721575331115, 1732747052.810968, 
2.681771993637085, 1.3349158763885498, 0.3472775925178691, 1732747052.9092517, 
2.693631887435913, 1.338878870010376, 0.2609413786724641, 1732747053.0007277, 
2.702803373336792, 1.3418537378311157, 0.2287718686975137, 1732747053.0987191, 
2.7127692699432373, 1.3443427085876465, 0.2418474037979568, 1732747053.2114196, 
2.722283363342285, 1.3463526964187622, 0.23365696505827227, 1732747053.3089476, 
2.730895757675171, 1.3483760356903076, 0.2301734661393647, 1732747053.4007337, 
2.740687847137451, 1.35056471824646, 0.23356517232473398, 1732747053.4987597, 
2.749767780303955, 1.3528189659118652, 0.24566822659717089, 1732747053.5909657, 
2.7608437538146973, 1.3559573888778687, 0.2871101338000146, 1732747053.7090905, 
2.7692389488220215, 1.3586301803588867, 0.3401352996553708, 1732747053.801021, 
2.7784841060638428, 1.3619059324264526, 0.3868530053710781, 1732747053.8989117, 
2.7867188453674316, 1.365167498588562, 0.42228597734990314, 1732747053.9909878, 
2.79734468460083, 1.3700950145721436, 0.48131231805716634, 1732747054.1104424, 
2.8056066036224365, 1.374459981918335, 0.5281989188785943, 1732747054.2018988, 
2.813743829727173, 1.3792881965637207, 0.5767111150107316, 1732747054.2998965, 
2.8217320442199707, 1.384545087814331, 0.6217898121132244, 1732747054.3924987, 
2.8316211700439453, 1.3918092250823975, 0.6755505708134525, 1732747054.5101168, 
2.839728355407715, 1.3976577520370483, 0.6501171760251162, 1732747054.6017647, 
2.846914291381836, 1.4028890132904053, 0.5905054221223078, 1732747054.6997926, 
2.855681896209717, 1.4087659120559692, 0.5614309601389391, 1732747054.8133736, 
2.863759756088257, 1.4136643409729004, 0.5303008284724894, 1732747054.9102547, 
2.871699094772339, 1.4183270931243896, 0.4913512051264183, 1732747055.0028002, 
2.8807363510131836, 1.4229203462600708, 0.4452543629586301, 1732747055.1007512, 
2.890087604522705, 1.4271243810653687, 0.37660643027737745, 1732747055.2135735, 
2.8990464210510254, 1.430911660194397, 0.3332221303870759, 1732747055.3110836, 
2.907215118408203, 1.4339447021484375, 0.34762009627334983, 1732747055.4007797, 
2.916364908218384, 1.4370386600494385, 0.35891149523759297, 1732747055.5007758, 
2.926558494567871, 1.4406746625900269, 0.35100049122201527, 1732747055.6114376, 
2.935736656188965, 1.4441190958023071, 0.35264579702830456, 1732747055.7109568, 
2.943920135498047, 1.447342872619629, 0.3558518259220612, 1732747055.8017821, 
2.953389883041382, 1.4508107900619507, 0.37108416271335243, 1732747055.9008355, 
2.9617512226104736, 1.4541531801223755, 0.387401279066352, 1732747055.9907868, 
2.974273920059204, 1.45842707157135, 0.33192454469228794, 1732747056.111413, 
2.9834611415863037, 1.461499571800232, 0.24673460382382095, 1732747056.20079, 
2.9918570518493652, 1.464301347732544, 0.23281446988049753, 1732747056.3007882, 
3.002912759780884, 1.466598391532898, 0.24990202272797085, 1732747056.410989, 
3.0105185508728027, 1.4685819149017334, 0.2298741797215692, 1732747056.490848, 
3.0204482078552246, 1.4710087776184082, 0.19472482645586314, 1732747056.6017916, 
3.029879570007324, 1.4724022150039673, 0.16957688272069182, 1732747056.7007842, 
3.038959264755249, 1.4740607738494873, 0.15197537937260078, 1732747056.7914443, 
3.055133581161499, 1.475732684135437, 0.07047783321795333, 1732747056.9107075, 
3.0689656734466553, 1.4760992527008057, -0.032581806562299316, 1732747057.0018485, 
3.078599452972412, 1.4760063886642456, -0.09942167921077798, 1732747057.10079, 
3.0825042724609375, 1.4756664037704468, -0.12514055943403152, 1732747057.1508963, 
3.086158037185669, 1.4751359224319458, -0.1477540764444063, 1732747057.1906734, 
3.1065053939819336, 1.47144615650177, -0.26308591350855676, 1732747057.4018087, 
3.1112239360809326, 1.4701035022735596, -0.29271489963849245, 1732747057.4509013, 
3.124359130859375, 1.465781807899475, -0.37129239270435677, 1732747057.5915654, 
3.1351613998413086, 1.4610294103622437, -0.4720226248890593, 1732747057.7109349, 
3.1385045051574707, 1.459347128868103, -0.505032553730356, 1732747057.751021, 
3.142625570297241, 1.4573016166687012, -0.5452618473595384, 1732747057.8018088, 
3.1587212085723877, 1.4465692043304443, -0.6627510286323642, 1732747058.0109096, 
3.1666672229766846, 1.4404296875, -0.7130798796356397, 1732747058.11183, 
3.173321485519409, 1.4346885681152344, -0.7518460310037627, 1732747058.2020094, 
3.180293321609497, 1.4279543161392212, -0.7956716206917218, 1732747058.3011236, 
3.1867148876190186, 1.4215772151947021, -0.8222326424944616, 1732747058.3910553, 
3.194352626800537, 1.4131159782409668, -0.8473397977285704, 1732747058.510995, 
3.2005362510681152, 1.4066704511642456, -0.8353754694805072, 1732747058.6010346, 
3.206984519958496, 1.3998277187347412, -0.7687515297287526, 1732747058.7015305, 
3.215106248855591, 1.3921524286270142, -0.7146390852683453, 1732747058.8109121, 
3.2226359844207764, 1.3857003450393677, -0.6649639498308687, 1732747058.9122255, 
3.2295777797698975, 1.380342960357666, -0.621119939404925, 1732747059.0014834, 
3.2376325130462646, 1.3746041059494019, -0.5718650171917703, 1732747059.1009183, 
3.2464699745178223, 1.369016170501709, -0.5331627570027824, 1732747059.2109137, 
3.2490718364715576, 1.367490530014038, -0.5232381360199608, 1732747059.2412684, 
3.263293743133545, 1.359684705734253, -0.46959793571228675, 1732747059.401057, 
3.2676475048065186, 1.357232928276062, -0.4557987638442148, 1732747059.4521234, 
3.280019521713257, 1.3513580560684204, -0.4229247854708914, 1732747059.5909564, 
3.2911953926086426, 1.346536636352539, -0.39467627740630606, 1732747059.7107742, 
3.299264907836914, 1.343103289604187, -0.3820725751732339, 1732747059.8013513, 
3.3082380294799805, 1.3392093181610107, -0.36508863914749395, 1732747059.9013953, 
3.3175525665283203, 1.3356095552444458, -0.36929533154020266, 1732747059.9923272, 
3.3219518661499023, 1.3336195945739746, -0.3852419373631054, 1732747060.0409327, 
3.3356058597564697, 1.32785165309906, -0.41406672136567324, 1732747060.201564, 
3.344682455062866, 1.3238343000411987, -0.43111763722596014, 1732747060.3010259, 
3.3543505668640137, 1.3192634582519531, -0.45291181715857604, 1732747060.4119015, 
3.363341808319092, 1.314729928970337, -0.47255587225865364, 1732747060.5121748, 
3.3718698024749756, 1.3103933334350586, -0.5044538836137833, 1732747060.6008797, 
3.3798186779022217, 1.3058600425720215, -0.5528714166013723, 1732747060.7009096, 
3.3870584964752197, 1.3014065027236938, -0.5890215526487425, 1732747060.7918015, 
3.396500825881958, 1.2947070598602295, -0.6237693344771474, 1732747060.910909, 
3.3997740745544434, 1.2924913167953491, -0.6367374120412982, 1732747060.9518926, 
3.411454916000366, 1.2833316326141357, -0.6816295873728063, 1732747061.1008863, 
3.419590950012207, 1.2765109539031982, -0.7123916865972598, 1732747061.2109444, 
3.4271042346954346, 1.2699700593948364, -0.7370164617056059, 1732747061.3118868, 
3.4334583282470703, 1.2638887166976929, -0.7531754876036332, 1732747061.4008427, 
3.4404537677764893, 1.2572907209396362, -0.766798795795833, 1732747061.5008461, 
3.4468438625335693, 1.2511911392211914, -0.7811992290164164, 1732747061.5942535, 
3.454925775527954, 1.2430782318115234, -0.7978803296324378, 1732747061.7060456, 
3.4616785049438477, 1.2359812259674072, -0.8075519133757457, 1732747061.8049757, 
3.464351177215576, 1.2332106828689575, -0.8103766283260865, 1732747061.8469026, 
3.4750452041625977, 1.2217011451721191, -0.81652578800142, 1732747062.0067062, 
3.482111692428589, 1.2141072750091553, -0.8217240742051718, 1732747062.1119418, 
3.4847192764282227, 1.211065649986267, -0.8226520907872644, 1732747062.1519094, 
3.4944324493408203, 1.2008020877838135, -0.8204008170188455, 1732747062.3008611, 
3.500542402267456, 1.1941200494766235, -0.8191498395831034, 1732747062.3916762, 
3.5079715251922607, 1.1859498023986816, -0.8171937252983928, 1732747062.5077546, 
3.514401435852051, 1.1789623498916626, -0.8158407002113189, 1732747062.6050458, 
3.5206644535064697, 1.17227303981781, -0.8145612298443013, 1732747062.6968665, 
3.5271823406219482, 1.1653404235839844, -0.8129588905601911, 1732747062.7953346, 
3.534752368927002, 1.157200813293457, -0.8117439508543495, 1732747062.9086037, 
3.5377495288848877, 1.1537734270095825, -0.809145213867339, 1732747062.9549344, 
3.5475358963012695, 1.1436997652053833, -0.8057126759284878, 1732747063.0968628, 
3.5550951957702637, 1.1358075141906738, -0.8044876449105586, 1732747063.2079976, 
3.56042218208313, 1.1302595138549805, -0.8028323026432432, 1732747063.2878778, 
3.568556308746338, 1.1219536066055298, -0.7979097014538801, 1732747063.405934, 
3.5751290321350098, 1.1149462461471558, -0.7974716780863471, 1732747063.5008729, 
3.5826096534729004, 1.1071289777755737, -0.7959257876180362, 1732747063.6117663, 
3.58978009223938, 1.099721074104309, -0.8005932101266561, 1732747063.7121582, 
3.5961835384368896, 1.093159794807434, -0.836062070932703, 1732747063.802929, 
3.6024467945098877, 1.0858122110366821, -0.871602308446109, 1732747063.9009337, 
3.6091151237487793, 1.0779932737350464, -0.8975927903830493, 1732747064.0119007, 
3.6150267124176025, 1.0702171325683594, -0.9237178568396217, 1732747064.1122663, 
3.617370128631592, 1.0670769214630127, -0.9346457587506121, 1732747064.1519349, 
3.6259191036224365, 1.055075764656067, -0.9763312952829751, 1732747064.3018816, 
3.630988836288452, 1.0471736192703247, -1.0293940674500368, 1732747064.3923411, 
3.6365973949432373, 1.0376020669937134, -1.0978460013272717, 1732747064.5133314, 
3.638411521911621, 1.0341144800186157, -1.1190385319891976, 1732747064.5519445, 
3.6446921825408936, 1.0203419923782349, -1.187717984198668, 1732747064.700965, 
3.647705078125, 1.0129610300064087, -1.2175737093819599, 1732747064.7923734, 
3.651581287384033, 1.0019465684890747, -1.261537129873196, 1732747064.9136825, 
3.654344320297241, 0.9931873083114624, -1.2943649936527484, 1732747065.000945, 
3.656869888305664, 0.9839075803756714, -1.3236095993165065, 1732747065.1020665, 
3.659370183944702, 0.9754053950309753, -1.2990521726370907, 1732747065.1924696, 
3.661076545715332, 0.9682936072349548, -1.2886597596590716, 1732747065.2623048, 
3.6646568775177, 0.9556452035903931, -1.2750301430224595, 1732747065.4019804, 
3.6676266193389893, 0.9460670948028564, -1.2592038924620261, 1732747065.500907, 
3.6708502769470215, 0.9359690546989441, -1.2362858150628127, 1732747065.6122928, 
3.673402786254883, 0.9287233948707581, -1.20580046975479, 1732747065.705826, 
3.6762912273406982, 0.9215815663337708, -1.17468958716745, 1732747065.8019197, 
3.6788859367370605, 0.9152594208717346, -1.147983084121879, 1732747065.9020457, 
3.6814558506011963, 0.9095773696899414, -1.1260811828376782, 1732747065.9926221, 
3.684969425201416, 0.9024361968040466, -1.0854077349835156, 1732747066.1083395, 
3.6882684230804443, 0.8962942361831665, -1.0406368352098443, 1732747066.202072, 
3.689840078353882, 0.8930855393409729, -1.0052922190447566, 1732747066.301985, 
3.691685676574707, 0.8905001282691956, -0.9772791675398103, 1732747066.392085, 
3.69368839263916, 0.8873004913330078, -0.9443438799657475, 1732747066.5085537, 
3.693203926086426, 0.8875531554222107, -0.9452794484357276, 1732747066.6019688, 
3.6933345794677734, 0.8876512050628662, -0.9466826489305005, 1732747066.7019448, 
3.693326473236084, 0.8875649571418762, -0.9459246068109262, 1732747066.8126056, 
3.693324327468872, 0.8875557780265808, -0.9458538120135772, 1732747066.8921564, 
3.6933257579803467, 0.8875615000724792, -0.9458977889009433, 1732747067.001925, 
3.693325996398926, 0.88756263256073, -0.9459066108178361, 1732747067.1019247, 
3.6933255195617676, 0.8875603079795837, -0.9458887148937285, 1732747067.1923635, 
3.693324089050293, 0.8875550627708435, -0.9458482568794488, 1732747067.3085787, 
3.693321943283081, 0.8875458836555481, -0.9457778433450306, 1732747067.4019654, 
3.6933212280273438, 0.8875427842140198, -0.9457543900210046, 1732747067.5029478, 
3.69332218170166, 0.887546718120575, -0.9457845321911428, 1732747067.6123712, 
3.693323850631714, 0.887553870677948, -0.9458398447395769, 1732747067.7087603, 
3.6933236122131348, 0.8875529766082764, -0.9458331520688467, 1732747067.8019855, 
3.6933231353759766, 0.8875513672828674, -0.9458204368321209, 1732747067.9029496, 
3.6933228969573975, 0.887550413608551, -0.9458136798613683, 1732747068.0118146, 
3.6933236122131348, 0.8875535726547241, -0.9458381168307356, 1732747068.1088119, 
3.6933236122131348, 0.8875536322593689, -0.9458384661225818, 1732747068.2019925, 
3.6933236122131348, 0.8875536918640137, -0.9458384091605047, 1732747068.302945, 
3.6933236122131348, 0.8875536918640137, -0.9458382000762812, 1732747068.3924935, 
3.6933236122131348, 0.8875536918640137, -0.9458382209880555, 1732747068.5088797, 
3.6933236122131348, 0.8875537514686584, -0.9458386719731854, 1732747068.6019976, 
3.6933236122131348, 0.8875538110733032, -0.945838947769837, 1732747068.698953, 
3.6933236122131348, 0.8875538110733032, -0.9458389789733033, 1732747068.7925367, 
3.6933236122131348, 0.8875538110733032, -0.945839192692496, 1732747068.8923752, 
3.6933236122131348, 0.887553870677948, -0.9458394839856888, 1732747069.0019743, 
3.6933236122131348, 0.887553870677948, -0.9458392492988172, 1732747069.0999596, 
3.6933236122131348, 0.887553870677948, -0.9458394788649944, 1732747069.2124317, 
3.6933236122131348, 0.8875539302825928, -0.9458398804222959, 1732747069.3106313, 
3.6933236122131348, 0.8875539302825928, -0.9458397857525818, 1732747069.4020302, 
3.6933236122131348, 0.8875539898872375, -0.9458398308880798, 1732747069.4999976, 
3.6933236122131348, 0.8875540494918823, -0.9458401535672899, 1732747069.611864, 
3.6933236122131348, 0.8875541090965271, -0.9458402577953793, 1732747069.7103214, 
3.6933236122131348, 0.8875541090965271, -0.9458398920187139, 1732747069.8020155, 
3.6933236122131348, 0.8875541090965271, -0.9458399338822614, 1732747069.8999705, 
3.6933236122131348, 0.8875541090965271, -0.9458399045193515, 1732747069.9918287, 
3.6933236122131348, 0.8875541090965271, -0.9458398126685603, 1732747070.109793, 
3.6933236122131348, 0.8875541090965271, -0.9458397842560752, 1732747070.2020063, 
3.6933236122131348, 0.8875540494918823, -0.945839694763592, 1732747070.2999766, 
3.6933236122131348, 0.8875540494918823, -0.9458403233380523, 1732747070.4130218, 
3.6933236122131348, 0.8875540494918823, -0.9458404238725903, 1732747070.5105176, 
3.6933236122131348, 0.8875540494918823, -0.9458409578710532, 1732747070.6029992, 
3.6933236122131348, 0.8875541090965271, -0.9458411775399703, 1732747070.7010136, 
3.6933236122131348, 0.8875541090965271, -0.9458410664296723, 1732747070.7930753, 
3.6933236122131348, 0.8875541090965271, -0.9458410848961709, 1732747070.9115927, 
3.6933236122131348, 0.8875541687011719, -0.9458413964362746, 1732747071.0030339, 
3.6933236122131348, 0.8875541687011719, -0.9458413568840317, 1732747071.1009836, 
3.6933236122131348, 0.8875541090965271, -0.945841006035737, 1732747071.193041, 
3.6933236122131348, 0.8875540494918823, -0.9458410449152046, 1732747071.311173, 
3.6933236122131348, 0.8875540494918823, -0.9458413698796787, 1732747071.4030082, 
3.6933236122131348, 0.8875540494918823, -0.945841527808264, 1732747071.5019922, 
3.6933236122131348, 0.8875540494918823, -0.9458417029849585, 1732747071.6121926, 
3.6933236122131348, 0.8875540494918823, -0.9458419612767018, 1732747071.71262, 
3.6933236122131348, 0.8875540494918823, -0.9458424426715527, 1732747071.8030126, 
3.6933236122131348, 0.8875540494918823, -0.9458423739346392, 1732747071.9023159, 
3.6933236122131348, 0.8875540494918823, -0.9458424066397559, 1732747072.0121388, 
3.6933236122131348, 0.8875540494918823, -0.9458424754430433, 1732747072.1122427, 
3.6933236122131348, 0.8875541090965271, -0.9458427622060336, 1732747072.2030334, 
3.6933236122131348, 0.8875541090965271, -0.9458424323097672, 1732747072.3020017, 
3.6933236122131348, 0.8875541090965271, -0.9458423274969371, 1732747072.4117112, 
3.6933236122131348, 0.8875541090965271, -0.9458424041530327, 1732747072.4925663, 
3.6933236122131348, 0.8875541090965271, -0.9458424185187669, 1732747072.6030824, 
3.6933236122131348, 0.8875541090965271, -0.9458424398710409, 1732747072.7020574, 
3.693364381790161, 0.8876038193702698, -0.9462591378332971, 1732747072.812262, 
3.6934571266174316, 0.8874616622924805, -0.9429917709333256, 1732747072.911954, 
3.6909937858581543, 0.8848883509635925, -0.9272162194613427, 1732747073.0020359, 
3.671416997909546, 0.8759296536445618, -0.9983815044919185, 1732747073.1023219, 
3.6647469997406006, 0.8717730641365051, -1.1393368635922683, 1732747073.1922145, 
3.6647469997406006, 0.8717730641365051, -1.336970653828595, 1732747073.3116899, 
3.6647469997406006, 0.8717730641365051, -1.453662554967849, 1732747073.3924835, 
3.6647469997406006, 0.8717730641365051, -1.5806712450265021, 1732747073.5021982, 
3.6647469997406006, 0.8717730641365051, -1.6528435038182991, 1732747073.6130362, 
3.6647469997406006, 0.8717730641365051, -1.7042649335566717, 1732747073.713281, 
3.6647469997406006, 0.8717730641365051, -1.7482351751474616, 1732747073.792708, 
3.6647469997406006, 0.8717730641365051, -1.8302073706718005, 1732747073.9034982, 
3.6647469997406006, 0.8717730641365051, -1.951614104215617, 1732747074.012722, 
3.6647469997406006, 0.8717730641365051, -2.135247601539311, 1732747074.1133988, 
3.6647469997406006, 0.8717730641365051, -2.2892045427611594, 1732747074.1926978, 
3.6647469997406006, 0.8717730641365051, -2.3909922549113753, 1732747074.3027093, 
3.6647469997406006, 0.8717730641365051, -2.553246466874159, 1732747074.4127789, 
3.6647469997406006, 0.8717730641365051, -2.75477406624911, 1732747074.5131528, 
3.6647469997406006, 0.8717730641365051, -2.9304201773545118, 1732747074.5932426, 
3.6647469997406006, 0.8717730641365051, 3.0919492126483115, 1732747074.7032595, 
3.6647469997406006, 0.8717730641365051, 2.8351538787284545, 1732747074.8137436, 
3.6647469997406006, 0.8717730641365051, 2.648756452257626, 1732747074.9129171, 
3.6647469997406006, 0.8717730641365051, 2.518544200257174, 1732747075.0034707, 
3.6647469997406006, 0.8717730641365051, 2.399159445493269, 1732747075.1045823, 
3.6647469997406006, 0.8717730641365051, 2.299712280100427, 1732747075.2142994, 
3.6647469997406006, 0.8717730641365051, 2.234874741892855, 1732747075.3146212, 
3.6647469997406006, 0.8717730641365051, 2.1976421359674654, 1732747075.4040902, 
3.6647469997406006, 0.8717730641365051, 2.175910473993169, 1732747075.504093, 
3.6647469997406006, 0.8717730641365051, 2.173462154900895, 1732747075.6038783, 
3.6647469997406006, 0.8717730641365051, 2.1863055800637365, 1732747075.7142954, 
3.6647469997406006, 0.8717730641365051, 2.2049501489033734, 1732747075.804244, 
3.6647469997406006, 0.8717730641365051, 2.223970776659346, 1732747075.9040544, 
3.6647469997406006, 0.8717730641365051, 2.2273507815070746, 1732747076.004133, 
3.6647469997406006, 0.8717730641365051, 2.210714985318955, 1732747076.1144726, 
3.6647469997406006, 0.8717730641365051, 2.18613479594804, 1732747076.204103, 
3.6647469997406006, 0.8717730641365051, 2.160697449725478, 1732747076.3040721, 
3.6647469997406006, 0.8717730641365051, 2.142405388292715, 1732747076.4144392, 
3.6647469997406006, 0.8717730641365051, 2.1357393941474005, 1732747076.514075, 
3.6647469997406006, 0.8717730641365051, 2.136424272766163, 1732747076.604093, 
3.6647469997406006, 0.8717730641365051, 2.12855781060153, 1732747076.7050657, 
3.6647469997406006, 0.8717730641365051, 2.090943267503603, 1732747076.8155448, 
3.6647469997406006, 0.8717730641365051, 2.0589166332296553, 1732747076.9152827, 
3.6647469997406006, 0.8717730641365051, 2.0297733185243767, 1732747077.0050902, 
3.6647469997406006, 0.8717730641365051, 2.0008239651575987, 1732747077.10508, 
3.6647469997406006, 0.8717730641365051, 1.968566502993447, 1732747077.2154825, 
